Workbook

Sheet 25. BANCO DE DADOS
A1: Empresa | B1: Mês | C1: Valor | D1: % Mensal | F1: Resumo de Resultados Líquido sem OL
A2: EMS MARCAS | B2: Janeiro | C2: 238283.02 | D2: 0.148072
A3: TEUTO | B3: Janeiro | C3: 228386.47 | D3: 0.141922 | F3: Mês | G3: 25. Resultado | H3: 24. Resultado | I3: ↑↓% | J3: MaM | L3: Quadrimestre | M3: 25. Resultado | N3: 24. Resultado | O3: ↑↓%
A4: GEOLAB | B4: Janeiro | C4: 194132.43 | D4: 0.120637 | F4: Janeiro | G4: =SUMIF(Tabela1[Mês],Tabela2[[#This Row],[Mês]],Tabela1[Valor]) -> 1609233.9 | H4: =SUMIF(Tabela18[Mês],Tabela2[[#This Row],[Mês]],Tabela18[Valor]) -> 968723.97 | I4: =IFERROR((Tabela2[[#This Row],[25. Resultado]]/Tabela2[[#This Row],[24. Resultado]]),"") -> 1.6611893 | J4: 0 | L4: Q1 | M4: =SUM(G4:G7) -> 6254294.9 | N4: =Tabela9[[#This Row],[24. Resultado]] -> 4043041.9 | O4: =IFERROR(Tabela3[[#This Row],[25. Resultado]]/Tabela3[[#This Row],[24. Resultado]],"") -> 1.5469281
A5: FORTLIFE | B5: Janeiro | C5: 117865.18 | D5: 0.073243 | F5: Fevereiro | G5: =SUMIF(Tabela1[Mês],Tabela2[[#This Row],[Mês]],Tabela1[Valor]) -> 1384804.6 | H5: =SUMIF(Tabela18[Mês],Tabela2[[#This Row],[Mês]],Tabela18[Valor]) -> 939367.07 | I5: =IFERROR((Tabela2[[#This Row],[25. Resultado]]/Tabela2[[#This Row],[24. Resultado]]),"") -> 1.474189 | J5: =IFERROR((Tabela2[[#This Row],[25. Resultado]]/G4)-1,"") -> -0.13946347 | L5: Q2 | M5: =SUM(G8:G11) -> 4550959.2 | N5: =Tabela9[[#This Row],[24. Resultado]] -> 4777240 | O5: =IFERROR(Tabela3[[#This Row],[25. Resultado]]/Tabela3[[#This Row],[24. Resultado]],"") -> 0.95263357
A6: BIOSINTETICA (ACHE) | B6: Janeiro | C6: 83508.83 | D6: 0.051894 | F6: Março | G6: =SUMIF(Tabela1[Mês],Tabela2[[#This Row],[Mês]],Tabela1[Valor]) -> 1665670.2 | H6: =SUMIF(Tabela18[Mês],Tabela2[[#This Row],[Mês]],Tabela18[Valor]) -> 1172270.8 | I6: =IFERROR((Tabela2[[#This Row],[25. Resultado]]/Tabela2[[#This Row],[24. Resultado]]),"") -> 1.4208921 | J6: =IFERROR((Tabela2[[#This Row],[25. Resultado]]/G5)-1,"") -> 0.2028197 | L6: Q3 | M6: =SUM(G12:G15) -> 5226795.3 | N6: =Tabela9[[#This Row],[24. Resultado]] -> 5767396.9 | O6: =IFERROR(Tabela3[[#This Row],[25. Resultado]]/Tabela3[[#This Row],[24. Resultado]],"") -> 0.90626594
A7: NUTRIEX INDUSTRIA DE COSMETICOS | B7: Janeiro | C7: 78899.45 | D7: 0.049029 | F7: Abril | G7: =SUMIF(Tabela1[Mês],Tabela2[[#This Row],[Mês]],Tabela1[Valor]) -> 1594586.2 | H7: =SUMIF(Tabela18[Mês],Tabela2[[#This Row],[Mês]],Tabela18[Valor]) -> 962680.09 | I7: =IFERROR((Tabela2[[#This Row],[25. Resultado]]/Tabela2[[#This Row],[24. Resultado]]),"") -> 1.656403 | J7: =IFERROR((Tabela2[[#This Row],[25. Resultado]]/G6)-1,"") -> -0.042675956
A8: PRUDENCE | B8: Janeiro | C8: 68680.41 | D8: 0.042679 | F8: Maio | G8: =SUMIF(Tabela1[Mês],Tabela2[[#This Row],[Mês]],Tabela1[Valor]) -> 1929362.9 | H8: =SUMIF(Tabela18[Mês],Tabela2[[#This Row],[Mês]],Tabela18[Valor]) -> 1209465.3 | I8: =IFERROR((Tabela2[[#This Row],[25. Resultado]]/Tabela2[[#This Row],[24. Resultado]]),"") -> 1.5952198 | J8: =IFERROR((Tabela2[[#This Row],[25. Resultado]]/G7)-1,"") -> 0.20994586
A9: PRINCIPIA | B9: Janeiro | C9: 51024.92 | D9: 0.031708 | F9: Junho | G9: 270899.38 | H9: =SUMIF(Tabela18[Mês],Tabela2[[#This Row],[Mês]],Tabela18[Valor]) -> 1212174.2 | I9: =IFERROR((Tabela2[[#This Row],[25. Resultado]]/Tabela2[[#This Row],[24. Resultado]]),"") -> 0.22348222 | J9: =IFERROR((Tabela2[[#This Row],[25. Resultado]]/G8)-1,"") -> -0.85959128
A10: HIDROLIGHT | B10: Janeiro | C10: 49910.54 | D10: 0.031015 | F10: Julho | G10: =SUMIF(Tabela1[Mês],Tabela2[[#This Row],[Mês]],Tabela1[Valor]) -> 852090.49 | H10: =SUMIF(Tabela18[Mês],Tabela2[[#This Row],[Mês]],Tabela18[Valor]) -> 1244445 | I10: =IFERROR((Tabela2[[#This Row],[25. Resultado]]/Tabela2[[#This Row],[24. Resultado]]),"") -> 0.68471526 | J10: =IFERROR((Tabela2[[#This Row],[25. Resultado]]/G9)-1,"") -> 2.1454132
A11: NUK | B11: Janeiro | C11: 45398 | D11: 0.028211 | F11: Agosto | G11: =SUMIF(Tabela1[Mês],Tabela2[[#This Row],[Mês]],Tabela1[Valor]) -> 1498606.4 | H11: =SUMIF(Tabela18[Mês],Tabela2[[#This Row],[Mês]],Tabela18[Valor]) -> 1111155.5 | I11: =IFERROR((Tabela2[[#This Row],[25. Resultado]]/Tabela2[[#This Row],[24. Resultado]]),"") -> 1.3486919 | J11: =IFERROR((Tabela2[[#This Row],[25. Resultado]]/G10)-1,"") -> 0.75874086 | L11: Trimestre | M11: 25. Resultado | N11: 24. Resultado | O11: ↑↓%
A12: MAXINUTRI | B12: Janeiro | C12: 38192.04 | D12: 0.023733 | F12: Setembro | G12: =SUMIF(Tabela1[Mês],Tabela2[[#This Row],[Mês]],Tabela1[Valor]) -> 1377471.1 | H12: =SUMIF(Tabela18[Mês],Tabela2[[#This Row],[Mês]],Tabela18[Valor]) -> 1167981.4 | I12: =IFERROR((Tabela2[[#This Row],[25. Resultado]]/Tabela2[[#This Row],[24. Resultado]]),"") -> 1.1793605 | J12: =IFERROR((Tabela2[[#This Row],[25. Resultado]]/G11)-1,"") -> -0.080831907 | L12: T1 | M12: =SUM(G4:G6) -> 4659708.8 | N12: =Tabela10[[#This Row],[24. Resultado]] -> 3080361.8 | O12: =IFERROR(Tabela4[[#This Row],[25. Resultado]]/Tabela4[[#This Row],[24. Resultado]],"") -> 1.5127148
A13: AIRELA | B13: Janeiro | C13: 30632.61 | D13: 0.019036 | F13: Outubro | G13: =SUMIF(Tabela1[Mês],Tabela2[[#This Row],[Mês]],Tabela1[Valor]) -> 1396971.1 | H13: =SUMIF(Tabela18[Mês],Tabela2[[#This Row],[Mês]],Tabela18[Valor]) -> 1388037.8 | I13: =IFERROR((Tabela2[[#This Row],[25. Resultado]]/Tabela2[[#This Row],[24. Resultado]]),"") -> 1.0064359 | J13: =IFERROR((Tabela2[[#This Row],[25. Resultado]]/G12)-1,"") -> 0.014156326 | L13: T2 | M13: =SUM(G7:G9) -> 3794848.5 | N13: =Tabela10[[#This Row],[24. Resultado]] -> 3384319.6 | O13: =IFERROR(Tabela4[[#This Row],[25. Resultado]]/Tabela4[[#This Row],[24. Resultado]],"") -> 1.1213032
A14: NATULAB | B14: Janeiro | C14: 30578.75 | D14: 0.019002 | F14: Novembro | G14: =SUMIF(Tabela1[Mês],Tabela2[[#This Row],[Mês]],Tabela1[Valor]) -> 1165277 | H14: =SUMIF(Tabela18[Mês],Tabela2[[#This Row],[Mês]],Tabela18[Valor]) -> 1723812.8 | I14: =IFERROR((Tabela2[[#This Row],[25. Resultado]]/Tabela2[[#This Row],[24. Resultado]]),"") -> 0.67598814 | J14: =IFERROR((Tabela2[[#This Row],[25. Resultado]]/G13)-1,"") -> -0.16585461 | L14: T3 | M14: =SUM(G10:G12) -> 3728168 | N14: =Tabela10[[#This Row],[24. Resultado]] -> 3523581.9 | O14: =IFERROR(Tabela4[[#This Row],[25. Resultado]]/Tabela4[[#This Row],[24. Resultado]],"") -> 1.058062
A15: BELLIZ | B15: Janeiro | C15: 28432.79 | D15: 0.017669 | F15: Dezembro | G15: 1287076.1 | H15: =SUMIF(Tabela18[Mês],Tabela2[[#This Row],[Mês]],Tabela18[Valor]) -> 1487564.9 | I15: =IFERROR((Tabela2[[#This Row],[25. Resultado]]/Tabela2[[#This Row],[24. Resultado]]),"") -> 0.86522352 | J15: =IFERROR((Tabela2[[#This Row],[25. Resultado]]/G14)-1,"") -> 0.10452375 | L15: T4 | M15: =SUM(G13:G15) -> 3849324.2 | N15: =Tabela10[[#This Row],[24. Resultado]] -> 4599415.4 | O15: =IFERROR(Tabela4[[#This Row],[25. Resultado]]/Tabela4[[#This Row],[24. Resultado]],"") -> 0.83691596
A16: BRASTERAPICA | B16: Janeiro | C16: 26767.14 | D16: 0.016633 | M16: =SUM(M12:M15) -> 16032049 | N16: 14587679 | O16: =M16/N16 -> 1.0990131
A17: NEO QUIMICA | B17: Janeiro | C17: 26524.6 | D17: 0.016483
A18: GLOBO | B18: Janeiro | C18: 26378.97 | D18: 0.016392 | F18: Ranking Anual | L18: Ranking Mensal
A19: ELOFAR | B19: Janeiro | C19: 25824.04 | D19: 0.016047
A20: LEGRAND | B20: Janeiro | C20: 25359.28 | D20: 0.015759 | L20: Pesquisa Mês: | M20: Janeiro
A21: COPAPHARMA | B21: Janeiro | C21: 18016.88 | D21: 0.011196 | F21: Laboratório | G21: 25. Fat. | H21: 24. Fat | I21: ↑↓% | L21: Empresa | M21: 25. Fat. | N21: 24. Fat | O21: ↑↓%
A22: BLAU | B22: Janeiro | C22: 17160.86 | D22: 0.010664 | F22: TEUTO | G22: 2207826.4 | H22: 2242986.3 | I22: =IFERROR(Tabela5[[#This Row],[25. Fat.]]/Tabela5[[#This Row],[24. Fat]],"") -> 0.98432448 | L22: EMS MARCAS | M22: =SUMIFS(Tabela1[Valor],Tabela1[Empresa],Tabela6[[#This Row],[Empresa]],Tabela1[Mês],$M$20) -> 238283.02 | N22: =SUMIFS(Tabela18[Valor],Tabela18[Empresa],Tabela6[[#This Row],[Empresa]],Tabela18[Mês],'25. BANCO DE DADOS'!$M$20) -> 264992.46 | O22: =IFERROR(Tabela6[[#This Row],[25. Fat.]]/Tabela6[[#This Row],[24. Fat]],"") -> 0.89920679
A23: NOVAQUIMICA | B23: Janeiro | C23: 12955.07 | D23: 0.00805 | F23: BIOSINTETICA | G23: 1610592.6 | H23: 1890453.6 | I23: =IFERROR(Tabela5[[#This Row],[25. Fat.]]/Tabela5[[#This Row],[24. Fat]],"") -> 0.85196092 | L23: TEUTO | M23: =SUMIFS(Tabela1[Valor],Tabela1[Empresa],Tabela6[[#This Row],[Empresa]],Tabela1[Mês],$M$20) -> 228386.47 | N23: =SUMIFS(Tabela18[Valor],Tabela18[Empresa],Tabela6[[#This Row],[Empresa]],Tabela18[Mês],'25. BANCO DE DADOS'!$M$20) -> 178015.29 | O23: =IFERROR(Tabela6[[#This Row],[25. Fat.]]/Tabela6[[#This Row],[24. Fat]],"") -> 1.2829599
A24: MEDQUIMICA | B24: Janeiro | C24: 10457.98 | D24: 0.006499 | F24: GEOLAB | G24: 1482113.7 | H24: 1569490.1 | I24: =IFERROR(Tabela5[[#This Row],[25. Fat.]]/Tabela5[[#This Row],[24. Fat]],"") -> 0.94432818 | L24: GEOLAB | M24: =SUMIFS(Tabela1[Valor],Tabela1[Empresa],Tabela6[[#This Row],[Empresa]],Tabela1[Mês],$M$20) -> 194132.43 | N24: =SUMIFS(Tabela18[Valor],Tabela18[Empresa],Tabela6[[#This Row],[Empresa]],Tabela18[Mês],'25. BANCO DE DADOS'!$M$20) -> 62739.65 | O24: =IFERROR(Tabela6[[#This Row],[25. Fat.]]/Tabela6[[#This Row],[24. Fat]],"") -> 3.0942543
A25: ABL | B25: Janeiro | C25: 10448.66 | D25: 0.006493 | F25: EMS MARCAS | G25: 1359487.1 | H25: 994873.55 | I25: =IFERROR(Tabela5[[#This Row],[25. Fat.]]/Tabela5[[#This Row],[24. Fat]],"") -> 1.3664923 | L25: FORTLIFE | M25: =SUMIFS(Tabela1[Valor],Tabela1[Empresa],Tabela6[[#This Row],[Empresa]],Tabela1[Mês],$M$20) -> 117865.18 | N25: =SUMIFS(Tabela18[Valor],Tabela18[Empresa],Tabela6[[#This Row],[Empresa]],Tabela18[Mês],'25. BANCO DE DADOS'!$M$20) -> 0 | O25: =IFERROR(Tabela6[[#This Row],[25. Fat.]]/Tabela6[[#This Row],[24. Fat]],"")
A26: MANTECORP FARMASA | B26: Janeiro | C26: 10427.27 | D26: 0.00648 | F26: FORTLIFE | G26: 966514.31 | H26: 961945.43 | I26: =IFERROR(Tabela5[[#This Row],[25. Fat.]]/Tabela5[[#This Row],[24. Fat]],"") -> 1.0047496 | L26: BIOSINTETICA (ACHE) | M26: =SUMIFS(Tabela1[Valor],Tabela1[Empresa],Tabela6[[#This Row],[Empresa]],Tabela1[Mês],$M$20) -> 83508.83 | N26: =SUMIFS(Tabela18[Valor],Tabela18[Empresa],Tabela6[[#This Row],[Empresa]],Tabela18[Mês],'25. BANCO DE DADOS'!$M$20) -> 33300.42 | O26: =IFERROR(Tabela6[[#This Row],[25. Fat.]]/Tabela6[[#This Row],[24. Fat]],"") -> 2.507741
A27: ZYDUS NIKKHO | B27: Janeiro | C27: 10180.22 | D27: 0.006326 | F27: PRUDENCE | G27: 945728.26 | H27: 661745.48 | I27: =IFERROR(Tabela5[[#This Row],[25. Fat.]]/Tabela5[[#This Row],[24. Fat]],"") -> 1.429142 | L27: NUTRIEX INDUSTRIA DE COSMETICOS | M27: =SUMIFS(Tabela1[Valor],Tabela1[Empresa],Tabela6[[#This Row],[Empresa]],Tabela1[Mês],$M$20) -> 78899.45 | N27: =SUMIFS(Tabela18[Valor],Tabela18[Empresa],Tabela6[[#This Row],[Empresa]],Tabela18[Mês],'25. BANCO DE DADOS'!$M$20) -> 15386.97 | O27: =IFERROR(Tabela6[[#This Row],[25. Fat.]]/Tabela6[[#This Row],[24. Fat]],"") -> 5.1276795
A28: EMS GENERICO | B28: Janeiro | C28: 8661.07 | D28: 0.005382 | F28: HIDROLIGHT | G28: 927288.18 | H28: 542161.1 | I28: =IFERROR(Tabela5[[#This Row],[25. Fat.]]/Tabela5[[#This Row],[24. Fat]],"") -> 1.7103554 | L28: PRUDENCE | M28: =SUMIFS(Tabela1[Valor],Tabela1[Empresa],Tabela6[[#This Row],[Empresa]],Tabela1[Mês],$M$20) -> 68680.41 | N28: =SUMIFS(Tabela18[Valor],Tabela18[Empresa],Tabela6[[#This Row],[Empresa]],Tabela18[Mês],'25. BANCO DE DADOS'!$M$20) -> 0 | O28: =IFERROR(Tabela6[[#This Row],[25. Fat.]]/Tabela6[[#This Row],[24. Fat]],"")
A29: POLIBRINQ | B29: Janeiro | C29: 7848.39 | D29: 0.004877 | F29: PRINCIPIA | G29: 433688.25 | H29: 513811.94 | I29: =IFERROR(Tabela5[[#This Row],[25. Fat.]]/Tabela5[[#This Row],[24. Fat]],"") -> 0.84406028 | L29: PRINCIPIA | M29: =SUMIFS(Tabela1[Valor],Tabela1[Empresa],Tabela6[[#This Row],[Empresa]],Tabela1[Mês],$M$20) -> 51024.92 | N29: 90850.6 | O29: =IFERROR(Tabela6[[#This Row],[25. Fat.]]/Tabela6[[#This Row],[24. Fat]],"") -> 0.56163548
A30: MEDLEVENSOHN | B30: Janeiro | C30: 7165.02 | D30: 0.004452 | F30: NATULAB | G30: 394497.77 | H30: 490458.54 | I30: =IFERROR(Tabela5[[#This Row],[25. Fat.]]/Tabela5[[#This Row],[24. Fat]],"") -> 0.80434479 | L30: HIDROLIGHT | M30: =SUMIFS(Tabela1[Valor],Tabela1[Empresa],Tabela6[[#This Row],[Empresa]],Tabela1[Mês],$M$20) -> 49910.54 | N30: =SUMIFS(Tabela18[Valor],Tabela18[Empresa],Tabela6[[#This Row],[Empresa]],Tabela18[Mês],'25. BANCO DE DADOS'!$M$20) -> 105525.19 | O30: =IFERROR(Tabela6[[#This Row],[25. Fat.]]/Tabela6[[#This Row],[24. Fat]],"") -> 0.47297276
A31: DOVALLE | B31: Janeiro | C31: 7008.02 | D31: 0.004355 | F31: MAXINUTRI | G31: 387173.28 | H31: 409504.38 | I31: =IFERROR(Tabela5[[#This Row],[25. Fat.]]/Tabela5[[#This Row],[24. Fat]],"") -> 0.94546798 | L31: NUK | M31: =SUMIFS(Tabela1[Valor],Tabela1[Empresa],Tabela6[[#This Row],[Empresa]],Tabela1[Mês],$M$20) -> 45398 | N31: =SUMIFS(Tabela18[Valor],Tabela18[Empresa],Tabela6[[#This Row],[Empresa]],Tabela18[Mês],'25. BANCO DE DADOS'!$M$20) -> 78203.14 | O31: =IFERROR(Tabela6[[#This Row],[25. Fat.]]/Tabela6[[#This Row],[24. Fat]],"") -> 0.58051377
A32: EUROFARMA | B32: Janeiro | C32: 5117.73 | D32: 0.00318 | F32: NUK | G32: 367568.47 | H32: 402078.19 | I32: =IFERROR(Tabela5[[#This Row],[25. Fat.]]/Tabela5[[#This Row],[24. Fat]],"") -> 0.91417162 | L32: MAXINUTRI | M32: =SUMIFS(Tabela1[Valor],Tabela1[Empresa],Tabela6[[#This Row],[Empresa]],Tabela1[Mês],$M$20) -> 38192.04 | N32: =SUMIFS(Tabela18[Valor],Tabela18[Empresa],Tabela6[[#This Row],[Empresa]],Tabela18[Mês],'25. BANCO DE DADOS'!$M$20) -> 11472.63 | O32: =IFERROR(Tabela6[[#This Row],[25. Fat.]]/Tabela6[[#This Row],[24. Fat]],"") -> 3.3289699
A33: AS ERVAS CURAM | B33: Janeiro | C33: 4852.97 | D33: 0.003016 | F33: NEO QUIMICA | G33: 345664.83 | H33: 362256.1 | I33: =IFERROR(Tabela5[[#This Row],[25. Fat.]]/Tabela5[[#This Row],[24. Fat]],"") -> 0.95420016 | L33: AIRELA | M33: =SUMIFS(Tabela1[Valor],Tabela1[Empresa],Tabela6[[#This Row],[Empresa]],Tabela1[Mês],$M$20) -> 30632.61 | N33: =SUMIFS(Tabela18[Valor],Tabela18[Empresa],Tabela6[[#This Row],[Empresa]],Tabela18[Mês],'25. BANCO DE DADOS'!$M$20) -> 13120.38 | O33: =IFERROR(Tabela6[[#This Row],[25. Fat.]]/Tabela6[[#This Row],[24. Fat]],"") -> 2.334735
A34: MEDLEY | B34: Janeiro | C34: 4750.75 | D34: 0.002952 | F34: BLAU | G34: 333908.6 | H34: 355143.66 | I34: =IFERROR(Tabela5[[#This Row],[25. Fat.]]/Tabela5[[#This Row],[24. Fat]],"") -> 0.94020713 | L34: NATULAB | M34: =SUMIFS(Tabela1[Valor],Tabela1[Empresa],Tabela6[[#This Row],[Empresa]],Tabela1[Mês],$M$20) -> 30578.75 | N34: =SUMIFS(Tabela18[Valor],Tabela18[Empresa],Tabela6[[#This Row],[Empresa]],Tabela18[Mês],'25. BANCO DE DADOS'!$M$20) -> 37124.16 | O34: =IFERROR(Tabela6[[#This Row],[25. Fat.]]/Tabela6[[#This Row],[24. Fat]],"") -> 0.82368867
A35: BELFAR | B35: Janeiro | C35: 4481.38 | D35: 0.002785 | F35: GLOBO | G35: 320079.12 | H35: 343913.59 | I35: =IFERROR(Tabela5[[#This Row],[25. Fat.]]/Tabela5[[#This Row],[24. Fat]],"") -> 0.93069634 | L35: BELLIZ | M35: =SUMIFS(Tabela1[Valor],Tabela1[Empresa],Tabela6[[#This Row],[Empresa]],Tabela1[Mês],$M$20) -> 28432.79 | N35: =SUMIFS(Tabela18[Valor],Tabela18[Empresa],Tabela6[[#This Row],[Empresa]],Tabela18[Mês],'25. BANCO DE DADOS'!$M$20) -> 0 | O35: =IFERROR(Tabela6[[#This Row],[25. Fat.]]/Tabela6[[#This Row],[24. Fat]],"")
A36: IRIDIUM LABS | B36: Janeiro | C36: 4352.61 | D36: 0.002705 | F36: NUTRIEX INDUSTRIA DE COSMETICOS | G36: 318617.12 | H36: 227756.18 | I36: =IFERROR(Tabela5[[#This Row],[25. Fat.]]/Tabela5[[#This Row],[24. Fat]],"") -> 1.3989395 | L36: BRASTERAPICA | M36: =SUMIFS(Tabela1[Valor],Tabela1[Empresa],Tabela6[[#This Row],[Empresa]],Tabela1[Mês],$M$20) -> 26767.14 | N36: =SUMIFS(Tabela18[Valor],Tabela18[Empresa],Tabela6[[#This Row],[Empresa]],Tabela18[Mês],'25. BANCO DE DADOS'!$M$20) -> 5546.26 | O36: =IFERROR(Tabela6[[#This Row],[25. Fat.]]/Tabela6[[#This Row],[24. Fat]],"") -> 4.8261603
A37: FQM | B37: Janeiro | C37: 4215.44 | D37: 0.00262 | F37: AIRELA | G37: 305166.81 | H37: 190948.18 | I37: =IFERROR(Tabela5[[#This Row],[25. Fat.]]/Tabela5[[#This Row],[24. Fat]],"") -> 1.5981656 | L37: NEO QUIMICA | M37: =SUMIFS(Tabela1[Valor],Tabela1[Empresa],Tabela6[[#This Row],[Empresa]],Tabela1[Mês],$M$20) -> 26524.6 | N37: =SUMIFS(Tabela18[Valor],Tabela18[Empresa],Tabela6[[#This Row],[Empresa]],Tabela18[Mês],'25. BANCO DE DADOS'!$M$20) -> 13213.33 | O37: =IFERROR(Tabela6[[#This Row],[25. Fat.]]/Tabela6[[#This Row],[24. Fat]],"") -> 2.0074122
A38: ROSA SELVAGEM | B38: Janeiro | C38: 3845.04 | D38: 0.002389 | F38: BELLIZ | G38: 304795.14 | H38: 163739.17 | I38: =IFERROR(Tabela5[[#This Row],[25. Fat.]]/Tabela5[[#This Row],[24. Fat]],"") -> 1.8614675 | L38: GLOBO | M38: =SUMIFS(Tabela1[Valor],Tabela1[Empresa],Tabela6[[#This Row],[Empresa]],Tabela1[Mês],$M$20) -> 26378.97 | N38: =SUMIFS(Tabela18[Valor],Tabela18[Empresa],Tabela6[[#This Row],[Empresa]],Tabela18[Mês],'25. BANCO DE DADOS'!$M$20) -> 8099 | O38: =IFERROR(Tabela6[[#This Row],[25. Fat.]]/Tabela6[[#This Row],[24. Fat]],"") -> 3.2570651
A39: NATIVITA | B39: Janeiro | C39: 3232.97 | D39: 0.002009 | F39: BRASTERAPICA | G39: 295326.36 | H39: 97668.37 | I39: =IFERROR(Tabela5[[#This Row],[25. Fat.]]/Tabela5[[#This Row],[24. Fat]],"") -> 3.0237667 | L39: ELOFAR | M39: =SUMIFS(Tabela1[Valor],Tabela1[Empresa],Tabela6[[#This Row],[Empresa]],Tabela1[Mês],$M$20) -> 25824.04 | N39: =SUMIFS(Tabela18[Valor],Tabela18[Empresa],Tabela6[[#This Row],[Empresa]],Tabela18[Mês],'25. BANCO DE DADOS'!$M$20) -> 44556.61 | O39: =IFERROR(Tabela6[[#This Row],[25. Fat.]]/Tabela6[[#This Row],[24. Fat]],"") -> 0.5795782
A40: UNIPHAR | B40: Janeiro | C40: 2993.08 | D40: 0.00186 | F40: ELOFAR | G40: 213676.22 | H40: 92178.42 | I40: =IFERROR(Tabela5[[#This Row],[25. Fat.]]/Tabela5[[#This Row],[24. Fat]],"") -> 2.3180721 | L40: LEGRAND | M40: =SUMIFS(Tabela1[Valor],Tabela1[Empresa],Tabela6[[#This Row],[Empresa]],Tabela1[Mês],$M$20) -> 25359.28 | N40: =SUMIFS(Tabela18[Valor],Tabela18[Empresa],Tabela6[[#This Row],[Empresa]],Tabela18[Mês],'25. BANCO DE DADOS'!$M$20) -> 5949.22 | O40: =IFERROR(Tabela6[[#This Row],[25. Fat.]]/Tabela6[[#This Row],[24. Fat]],"") -> 4.2626227
A41: CREMER | B41: Janeiro | C41: 2856.44 | D41: 0.001775 | F41: MY HEALTH | G41: 164429.09 | H41: 90850.6 | I41: =IFERROR(Tabela5[[#This Row],[25. Fat.]]/Tabela5[[#This Row],[24. Fat]],"") -> 1.8098845 | L41: COPAPHARMA | M41: =SUMIFS(Tabela1[Valor],Tabela1[Empresa],Tabela6[[#This Row],[Empresa]],Tabela1[Mês],$M$20) -> 18016.88 | N41: =SUMIFS(Tabela18[Valor],Tabela18[Empresa],Tabela6[[#This Row],[Empresa]],Tabela18[Mês],'25. BANCO DE DADOS'!$M$20) -> 0 | O41: =IFERROR(Tabela6[[#This Row],[25. Fat.]]/Tabela6[[#This Row],[24. Fat]],"")
... A118: ABL | B118: Fevereiro | C118: 7262.08 | D118: 0.005244 | F118: BD PLASTIPAK | G118: 533.86 | H118: 5.73 | I118: =IFERROR(Tabela5[[#This Row],[25. Fat.]]/Tabela5[[#This Row],[24. Fat]],"") -> 93.169284 | L118: CALYPSO | M118: =SUMIFS(Tabela1[Valor],Tabela1[Empresa],Tabela6[[#This Row],[Empresa]],Tabela1[Mês],$M$20) -> 0 | N118: =SUMIFS(Tabela18[Valor],Tabela18[Empresa],Tabela6[[#This Row],[Empresa]],Tabela18[Mês],'25. BANCO DE DADOS'!$M$20) -> 0 | O118: =IFERROR(Tabela6[[#This Row],[25. Fat.]]/Tabela6[[#This Row],[24. Fat]],"")
A119: MC2 | B119: Fevereiro | C119: 5805.03 | D119: 0.004192 | F119: RECKITT BENCKISER | G119: 417.29 | I119: =IFERROR(Tabela5[[#This Row],[25. Fat.]]/Tabela5[[#This Row],[24. Fat]],"") | L119: DELTA | M119: =SUMIFS(Tabela1[Valor],Tabela1[Empresa],Tabela6[[#This Row],[Empresa]],Tabela1[Mês],$M$20) -> 0 | N119: =SUMIFS(Tabela18[Valor],Tabela18[Empresa],Tabela6[[#This Row],[Empresa]],Tabela18[Mês],'25. BANCO DE DADOS'!$M$20) -> 0 | O119: =IFERROR(Tabela6[[#This Row],[25. Fat.]]/Tabela6[[#This Row],[24. Fat]],"")
A120: EUROFARMA | B120: Fevereiro | C120: 5447.45 | D120: 0.003934 | F120: NATURELIFE | G120: 364.98 | I120: =IFERROR(Tabela5[[#This Row],[25. Fat.]]/Tabela5[[#This Row],[24. Fat]],"") | L120: VOGHA HIGIENE E BEL. | M120: =SUMIFS(Tabela1[Valor],Tabela1[Empresa],Tabela6[[#This Row],[Empresa]],Tabela1[Mês],$M$20) -> 0 | N120: =SUMIFS(Tabela18[Valor],Tabela18[Empresa],Tabela6[[#This Row],[Empresa]],Tabela18[Mês],'25. BANCO DE DADOS'!$M$20) -> 0 | O120: =IFERROR(Tabela6[[#This Row],[25. Fat.]]/Tabela6[[#This Row],[24. Fat]],"")
A121: BELFAR | B121: Fevereiro | C121: 4948.54 | D121: 0.003573 | F121: MELHORMED | G121: 357.92 | I121: =IFERROR(Tabela5[[#This Row],[25. Fat.]]/Tabela5[[#This Row],[24. Fat]],"") | L121: CIRURGICA FERNANDES | M121: =SUMIFS(Tabela1[Valor],Tabela1[Empresa],Tabela6[[#This Row],[Empresa]],Tabela1[Mês],$M$20) -> 0 | N121: =SUMIFS(Tabela18[Valor],Tabela18[Empresa],Tabela6[[#This Row],[Empresa]],Tabela18[Mês],'25. BANCO DE DADOS'!$M$20) -> 0 | O121: =IFERROR(Tabela6[[#This Row],[25. Fat.]]/Tabela6[[#This Row],[24. Fat]],"")
A122: AS ERVAS CURAM | B122: Fevereiro | C122: 4522.05 | D122: 0.003265 | F122: HYPERMARCAS BOZZANO | G122: 268.88 | I122: =IFERROR(Tabela5[[#This Row],[25. Fat.]]/Tabela5[[#This Row],[24. Fat]],"") | L122: ULTRACOTTON | M122: =SUMIFS(Tabela1[Valor],Tabela1[Empresa],Tabela6[[#This Row],[Empresa]],Tabela1[Mês],$M$20) -> 0 | N122: =SUMIFS(Tabela18[Valor],Tabela18[Empresa],Tabela6[[#This Row],[Empresa]],Tabela18[Mês],'25. BANCO DE DADOS'!$M$20) -> 0 | O122: =IFERROR(Tabela6[[#This Row],[25. Fat.]]/Tabela6[[#This Row],[24. Fat]],"")
A123: MULTILASER INDUSTRIAL S.A. | B123: Fevereiro | C123: 4288.14 | D123: 0.003097 | F123: BARUEL | G123: 250.73 | I123: =IFERROR(Tabela5[[#This Row],[25. Fat.]]/Tabela5[[#This Row],[24. Fat]],"")
A124: ZYDUS NIKKHO | B124: Fevereiro | C124: 4138.95 | D124: 0.002989 | F124: MISSNER | G124: 226.41 | I124: =IFERROR(Tabela5[[#This Row],[25. Fat.]]/Tabela5[[#This Row],[24. Fat]],"")
A125: MEDLEY | B125: Fevereiro | C125: 4129.68 | D125: 0.002982 | F125: MILI S/A | G125: 159.3 | I125: =IFERROR(Tabela5[[#This Row],[25. Fat.]]/Tabela5[[#This Row],[24. Fat]],"")
A126: UNIPHAR | B126: Fevereiro | C126: 2823.9 | D126: 0.002039 | F126: MEDIX BRASIL | G126: 136.3 | I126: =IFERROR(Tabela5[[#This Row],[25. Fat.]]/Tabela5[[#This Row],[24. Fat]],"")
A127: DOVALLE | B127: Fevereiro | C127: 2822.28 | D127: 0.002038 | F127: SUPER SHAVE | G127: 72.44 | I127: =IFERROR(Tabela5[[#This Row],[25. Fat.]]/Tabela5[[#This Row],[24. Fat]],"")
A128: ARTE NATIVA | B128: Fevereiro | C128: 2704.22 | D128: 0.001953 | F128: VOGHA HIGIENE E BEL. | G128: 55.32 | I128: =IFERROR(Tabela5[[#This Row],[25. Fat.]]/Tabela5[[#This Row],[24. Fat]],"")
A129: OAZ | B129: Fevereiro | C129: 2545.71 | D129: 0.001838 | F129: HYPERMARCAS MONANGE | G129: 37.61 | I129: =IFERROR(Tabela5[[#This Row],[25. Fat.]]/Tabela5[[#This Row],[24. Fat]],"")
A130: IRIDIUM LABS | B130: Fevereiro | C130: 2527.23 | D130: 0.001825 | F130: CALYPSO | G130: 29.26 | I130: =IFERROR(Tabela5[[#This Row],[25. Fat.]]/Tabela5[[#This Row],[24. Fat]],"")
A131: CREMER | B131: Fevereiro | C131: 2473.71 | D131: 0.001786 | F131: LASER | G131: 29.24 | I131: =IFERROR(Tabela5[[#This Row],[25. Fat.]]/Tabela5[[#This Row],[24. Fat]],"")
A132: SUPLANATURAL | B132: Fevereiro | C132: 2420.22 | D132: 0.001748 | F132: CIRURGICA FERNANDES | G132: 16.87 | I132: =IFERROR(Tabela5[[#This Row],[25. Fat.]]/Tabela5[[#This Row],[24. Fat]],"")
A133: BIOLAND | B133: Fevereiro | C133: 2286.84 | D133: 0.001651 | F133: OTC - BIOWORLD | G133: 8.99 | I133: =IFERROR(Tabela5[[#This Row],[25. Fat.]]/Tabela5[[#This Row],[24. Fat]],"")
A134: MCG -CONLIFE | B134: Fevereiro | C134: 1934.67 | D134: 0.001397
A135: GREENPHARMA | B135: Fevereiro | C135: 1840.74 | D135: 0.001329
A136: POLIBRINQ | B136: Fevereiro | C136: 1724.93 | D136: 0.001246
A137: SANITY | B137: Fevereiro | C137: 1691.6 | D137: 0.001222
A138: VITAMEDIC | B138: Fevereiro | C138: 1526.5 | D138: 0.001102
A139: FQM | B139: Fevereiro | C139: 1482.92 | D139: 0.001071
A140: FARMAX | B140: Fevereiro | C140: 1370.13 | D140: 0.000989
A141: UNIAO QUIMICA | B141: Fevereiro | C141: 1169.55 | D141: 0.000845
A142: PHARLAB | B142: Fevereiro | C142: 1010.29 | D142: 0.00073
A143: NATIVITA | B143: Fevereiro | C143: 966.08 | D143: 0.000698
A144: TALGE | B144: Fevereiro | C144: 880.48 | D144: 0.000636
A145: DKT INTERNACIONAL | B145: Fevereiro | C145: 876.33 | D145: 0.000633
... A936: NATIVITA | B936: Novembro | C936: 18.2 | D936: 1.6e-05
A937: BIOSINTETICA | B937: Dezembro | D937: 22.7567
A938: TEUTO | B938: Dezembro | C938: 205652.92 | D938: 0.159783
A939: GEOLAB | B939: Dezembro | C939: 119007.69 | D939: 0.092464
A940: PRUDENCE | B940: Dezembro | C940: 114273.77 | D940: 0.088786
A941: HIDROLIGHT | B941: Dezembro | C941: 75429.11 | D941: 0.058605
A942: NEO QUIMICA | B942: Dezembro | C942: 54123.6 | D942: 0.042052
A943: PRINCIPIA | B943: Dezembro | C943: 51166.94 | D943: 0.039754
A944: EMS MARCAS | B944: Dezembro | C944: 50843.48 | D944: 0.039503
A945: EUROFARMA OTC | B945: Dezembro | C945: 31443.78 | D945: 0.02443
A946: FORTLIFE | B946: Dezembro | C946: 23820.93 | D946: 0.018508
A947: MAXINUTRI | B947: Dezembro | C947: 21683.02 | D947: 0.016847
A948: NUK | B948: Dezembro | C948: 21530.53 | D948: 0.016728
A949: BELLIZ | B949: Dezembro | C949: 19297.25 | D949: 0.014993
... A1023: CALYPSO | B1023: Dezembro | C1023: 4.98 | D1023: 4e-06

Sheet 24. BANCO DE DADOS
A1: Empresa | B1: Mês | C1: Valor | D1: % Mensal | F1: Resumo de Resultados
A2: EMS MARCAS | B2: Janeiro | C2: 264992.46 | D2: 0.273548
A3: TEUTO | B3: Janeiro | C3: 178015.29 | D3: 0.183763 | F3: Mês | G3: 24. Resultado | I3: Quadrimestre | J3: 24. Resultado
A4: HIDROLIGHT | B4: Janeiro | C4: 105525.19 | D4: 0.108932 | F4: Janeiro | G4: =SUMIF(Tabela18[Mês],Tabela8[[#This Row],[Mês]],Tabela18[Valor]) -> 968723.97 | I4: Q1 | J4: =SUM(G4:G7) -> 4043041.9
A5: NUK | B5: Janeiro | C5: 78203.14 | D5: 0.080728 | F5: Fevereiro | G5: =SUMIF(Tabela18[Mês],Tabela8[[#This Row],[Mês]],Tabela18[Valor]) -> 939367.07 | I5: Q2 | J5: =SUM(G8:G11) -> 4777240
A6: GEOLAB | B6: Janeiro | C6: 62739.65 | D6: 0.064765 | F6: Março | G6: =SUMIF(Tabela18[Mês],Tabela8[[#This Row],[Mês]],Tabela18[Valor]) -> 1172270.8 | I6: Q3 | J6: =SUM(G12:G15) -> 5767396.9
A7: ELOFAR | B7: Janeiro | C7: 44556.61 | D7: 0.045995 | F7: Abril | G7: =SUMIF(Tabela18[Mês],Tabela8[[#This Row],[Mês]],Tabela18[Valor]) -> 962680.09
A8: NATULAB | B8: Janeiro | C8: 37124.16 | D8: 0.038323 | F8: Maio | G8: =SUMIF(Tabela18[Mês],Tabela8[[#This Row],[Mês]],Tabela18[Valor]) -> 1209465.3
A9: BIOSINTETICA (ACHE) | B9: Janeiro | C9: 33300.42 | D9: 0.034376 | F9: Junho | G9: =SUMIF(Tabela18[Mês],Tabela8[[#This Row],[Mês]],Tabela18[Valor]) -> 1212174.2
A10: NUTRIEX INDUSTRIA DE COSMETICOS | B10: Janeiro | C10: 15386.97 | D10: 0.015884 | F10: Julho | G10: =SUMIF(Tabela18[Mês],Tabela8[[#This Row],[Mês]],Tabela18[Valor]) -> 1244445
A11: NEO QUIMICA | B11: Janeiro | C11: 13213.33 | D11: 0.01364 | F11: Agosto | G11: =SUMIF(Tabela18[Mês],Tabela8[[#This Row],[Mês]],Tabela18[Valor]) -> 1111155.5 | I11: Trimestre | J11: 24. Resultado
A12: AIRELA | B12: Janeiro | C12: 13120.38 | D12: 0.013544 | F12: Setembro | G12: =SUMIF(Tabela18[Mês],Tabela8[[#This Row],[Mês]],Tabela18[Valor]) -> 1167981.4 | I12: T1 | J12: =SUM(G4:G6) -> 3080361.8
A13: MAXINUTRI | B13: Janeiro | C13: 11472.63 | D13: 0.011843 | F13: Outubro | G13: =SUMIF(Tabela18[Mês],Tabela8[[#This Row],[Mês]],Tabela18[Valor]) -> 1388037.8 | I13: T2 | J13: =SUM(G7:G9) -> 3384319.6
A14: VITAMEDIC | B14: Janeiro | C14: 10558.21 | D14: 0.010899 | F14: Novembro | G14: =SUMIF(Tabela18[Mês],Tabela8[[#This Row],[Mês]],Tabela18[Valor]) -> 1723812.8 | I14: T3 | J14: =SUM(G10:G12) -> 3523581.9
A15: IRIDIUM LABS | B15: Janeiro | C15: 9664.02 | D15: 0.009976 | F15: Dezembro | G15: =SUMIF(Tabela18[Mês],Tabela8[[#This Row],[Mês]],Tabela18[Valor]) -> 1487564.9 | I15: T4 | J15: =SUM(G13:G15) -> 4599415.4
A16: MANTECORP FARMASA | B16: Janeiro | C16: 8781.89 | D16: 0.009065 | I16: Total 2024 | J16: =SUM(J12:J15) -> 14587679
A17: BIOLAND | B17: Janeiro | C17: 8305.63 | D17: 0.008574
A18: GLOBO | B18: Janeiro | C18: 8099 | D18: 0.00836
A19: EMS GENERICO | B19: Janeiro | C19: 6748.76 | D19: 0.006967
A20: DOVALLE | B20: Janeiro | C20: 6476.54 | D20: 0.006686
A21: LEGRAND | B21: Janeiro | C21: 5949.22 | D21: 0.006141
A22: BRASTERAPICA | B22: Janeiro | C22: 5546.26 | D22: 0.005725
A23: CAZI | B23: Janeiro | C23: 5522.2 | D23: 0.0057
A24: EUROFARMA | B24: Janeiro | C24: 4202.31 | D24: 0.004338
A25: CREMER | B25: Janeiro | C25: 3403.51 | D25: 0.003513
A26: NOVAQUIMICA | B26: Janeiro | C26: 3350 | D26: 0.003458
A27: ABL | B27: Janeiro | C27: 2161.75 | D27: 0.002232
A28: UNIAO QUIMICA | B28: Janeiro | C28: 2107.62 | D28: 0.002176
... A260: GREEN | B260: Abril | C260: 60.56 | D260: 6.3e-05
B261: Abril | C261: 37.75 | D261: 3.9e-05
A262: CATARINENSE PHARMA | B262: Abril | C262: 37.32 | D262: 3.9e-05
A263: SR SALDANHA RODRIGUES | B263: Abril | C263: 34 | D263: 3.5e-05
A264: DRICA | B264: Abril | C264: 27 | D264: 2.8e-05
A265: SUPER SHAVE | B265: Abril | C265: 25.2 | D265: 2.6e-05
A266: HYPERMARCAS BOZZANO | B266: Abril | C266: 23.82 | D266: 2.5e-05
A267: RILEX | B267: Abril | C267: 22.14 | D267: 2.3e-05
A268: OTC - BIOWORLD | B268: Abril | C268: 8.99 | D268: 9e-06
A269: EMS MARCAS | B269: Maio | C269: 294125.17 | D269: 0.243186
A270: TEUTO | B270: Maio | C270: 165883.84 | D270: 0.137155
A271: GEOLAB | B271: Maio | C271: 140762.16 | D271: 0.116384
A272: BIOSINTETICA (ACHE) | B272: Maio | C272: 94025.86 | D272: 0.077742
A273: HIDROLIGHT | B273: Maio | C273: 93788.06 | D273: 0.077545
... A398: EXUBERANCE COSMETICOS | B398: Junho | C398: 31.02 | D398: 2.6e-05
B399: Junho | C399: 30.2 | D399: 2.5e-05
A400: BD PLASTIPAK | B400: Junho | C400: 29.04 | D400: 2.4e-05
A401: EKOBE | B401: Junho | C401: 28.82 | D401: 2.4e-05
A402: LASER | B402: Junho | C402: 21.16 | D402: 1.7e-05
A403: MULTIKIDS BABY | B403: Junho | C403: 19.17 | D403: 1.6e-05
A404: SR SALDANHA RODRIGUES | B404: Junho | C404: 5.5 | D404: 5e-06
A405: EMS MARCAS | B405: Julho | C405: 398765.49 | D405: 0.320436
A406: TEUTO | B406: Julho | C406: 194400.88 | D406: 0.156215
A407: GEOLAB | B407: Julho | C407: 106738.53 | D407: 0.085772
A408: HIDROLIGHT | B408: Julho | C408: 81419.36 | D408: 0.065426
A409: BIOSINTETICA (ACHE) | B409: Julho | C409: 61915.12 | D409: 0.049753
A410: NUK | B410: Julho | C410: 60912.66 | D410: 0.048948
A411: NATULAB | B411: Julho | C411: 44292.86 | D411: 0.035592
... A478: BABYGO | B478: Julho | C478: 14.14 | D478: 1.1e-05
B479: Julho | C479: 6.9 | D479: 6e-06
A480: 3B INDUSTRIA | B480: Julho | C480: 6.8 | D480: 5e-06
A481: BD PLASTIPAK | B481: Julho | C481: 1.24 | D481: 1e-06
A482: EMS MARCAS | B482: Agosto | C482: 169560.27 | D482: 0.152598
A483: TEUTO | B483: Agosto | C483: 164545.16 | D483: 0.148085
A484: GEOLAB | B484: Agosto | C484: 159538.58 | D484: 0.143579
A485: BIOSINTETICA (ACHE) | B485: Agosto | C485: 96068.95 | D485: 0.086459
A486: HIDROLIGHT | B486: Agosto | C486: 71640.83 | D486: 0.064474
A487: NUK | B487: Agosto | C487: 47550.51 | D487: 0.042794
A488: MAXINUTRI | B488: Agosto | C488: 39018.89 | D488: 0.035116
A489: AIRELA | B489: Agosto | C489: 39002.06 | D489: 0.0351
A490: NUTRIEX INDUSTRIA DE COSMETICOS | B490: Agosto | C490: 36138.85 | D490: 0.032524
A491: PRUDENCE | B491: Agosto | C491: 35698.75 | D491: 0.032128
... A551: 3B INDUSTRIA | B551: Agosto | C551: 29.64 | D551: 2.7e-05
B552: Agosto | C552: 15.1 | D552: 1.4e-05
A553: BD PLASTIPAK | B553: Agosto | C553: 8.8 | D553: 8e-06
A554: DESCARPACK | B554: Agosto | C554: 8.7 | D554: 8e-06
A555: TEUTO | B555: Setembro | C555: 148084.76 | D555: 0.126787
A556: EMS MARCAS | B556: Setembro | C556: 116437.07 | D556: 0.099691
A557: HIDROLIGHT | B557: Setembro | C557: 94907.38 | D557: 0.081258
A558: FORTLIFE | B558: Setembro | C558: 93394.25 | D558: 0.079962
A559: GEOLAB | B559: Setembro | C559: 92118.82 | D559: 0.07887
A560: BIOSINTETICA (ACHE) | B560: Setembro | C560: 90893.77 | D560: 0.077821
A561: PRUDENCE | B561: Setembro | C561: 79315.57 | D561: 0.067908
A562: NATULAB | B562: Setembro | C562: 67718.74 | D562: 0.057979
A563: BRASTERAPICA | B563: Setembro | C563: 46803.95 | D563: 0.040073
A564: NUK | B564: Setembro | C564: 42057.29 | D564: 0.036009
... A627: PHARLAB | B627: Setembro | C627: 74.94 | D627: 6.4e-05
B628: Setembro | C628: 27.96 | D628: 2.4e-05
A629: LE BLUE | B629: Setembro | C629: 27.94 | D629: 2.4e-05
A630: EXUBERANCE COSMETICOS | B630: Setembro | C630: 19.02 | D630: 1.6e-05
A631: LASER | B631: Setembro | C631: 14.62 | D631: 1.3e-05
A632: MILI S/A | B632: Setembro | C632: 8.76 | D632: 8e-06
A633: FORTLIFE | B633: Outubro | C633: 167780.55 | D633: 0.120876
A634: TEUTO | B634: Outubro | C634: 158394.25 | D634: 0.114114
A635: BIOSINTETICA (ACHE) | B635: Outubro | C635: 144404.83 | D635: 0.104035
A636: EMS MARCAS | B636: Outubro | C636: 126951.88 | D636: 0.091461
A637: GEOLAB | B637: Outubro | C637: 108161.07 | D637: 0.077924
A638: HIDROLIGHT | B638: Outubro | C638: 90100 | D638: 0.064912
A639: PRUDENCE | B639: Outubro | C639: 87576 | D639: 0.063093
A640: NATULAB | B640: Outubro | C640: 54611.85 | D640: 0.039345
... A872: 3B INDUSTRIA | B872: Dezembro | C872: 6.8 | D872: 5e-06

Sheet 26. BANCO DE DADOS
A1: Empresa | B1: Mês | C1: Valor | D1: % Mensal | F1: Resumo de Resultados Líquido sem OL
A2: EMS MARCAS | B2: Janeiro | C2: 238283.02 | D2: 0.148072
A3: TEUTO | B3: Janeiro | C3: 228386.47 | D3: 0.141922 | F3: Mês | G3: 26. Resultado 2 | H3: 25. Resultado 2 | I3: ↑↓% | J3: MaM | L3: Quadrimestre | M3: 26. Resultado 2 | N3: 25. Resultado 2 | O3: ↑↓%
A4: GEOLAB | B4: Janeiro | C4: 194132.43 | D4: 0.120637 | F4: Janeiro | G4: 1786638.6 | H4: 2197654.6 | I4: =IFERROR((Tabela214[[#This Row],[26. Resultado 2 ]]/Tabela214[[#This Row],[25. Resultado 2]]),"") -> 0.81297516 | J4: 0 | L4: Q1 | M4: =SUM(G4:G7) -> 5653656.3 | N4: 9859323.1 | O4: =IFERROR(Tabela315[[#This Row],[26. Resultado 2 ]]/Tabela315[[#This Row],[25. Resultado 2]],"") -> 0.5734325
A5: FORTLIFE | B5: Janeiro | C5: 117865.18 | D5: 0.073243 | F5: Fevereiro | G5: 1496232.1 | H5: 2414367.9 | I5: =IFERROR((Tabela214[[#This Row],[26. Resultado 2 ]]/Tabela214[[#This Row],[25. Resultado 2]]),"") -> 0.61972 | J5: =IFERROR((Tabela214[[#This Row],[26. Resultado 2 ]]/G4)-1,"") -> -0.16254353 | L5: Q2 | M5: =SUM(G8:G11) -> 0 | N5: 6181973.1 | O5: =IFERROR(Tabela315[[#This Row],[26. Resultado 2 ]]/Tabela315[[#This Row],[25. Resultado 2]],"") -> 0
A6: BIOSINTETICA (ACHE) | B6: Janeiro | C6: 83508.83 | D6: 0.051894 | F6: Março | G6: 2370785.6 | H6: 2863654.9 | I6: =IFERROR((Tabela214[[#This Row],[26. Resultado 2 ]]/Tabela214[[#This Row],[25. Resultado 2]]),"") -> 0.82788803 | J6: =IFERROR((Tabela214[[#This Row],[26. Resultado 2 ]]/G5)-1,"") -> 0.58450395 | L6: Q3 | M6: =SUM(G12:G15) -> 0 | N6: 7860525.6 | O6: =IFERROR(Tabela315[[#This Row],[26. Resultado 2 ]]/Tabela315[[#This Row],[25. Resultado 2]],"") -> 0
A7: NUTRIEX INDUSTRIA DE COSMETICOS | B7: Janeiro | C7: 78899.45 | D7: 0.049029 | F7: Abril | H7: 2383645.7 | I7: =IFERROR((Tabela214[[#This Row],[26. Resultado 2 ]]/Tabela214[[#This Row],[25. Resultado 2]]),"") -> 0 | J7: =IFERROR((Tabela214[[#This Row],[26. Resultado 2 ]]/G6)-1,"") -> -1 | M7: =SUM(M4:M6) -> 5653656.3 | N7: =SUM(N4:N6) -> 23901822
A8: PRUDENCE | B8: Janeiro | C8: 68680.41 | D8: 0.042679 | F8: Maio | H8: 2599591.5 | I8: =IFERROR((Tabela214[[#This Row],[26. Resultado 2 ]]/Tabela214[[#This Row],[25. Resultado 2]]),"") -> 0 | J8: =IFERROR((Tabela214[[#This Row],[26. Resultado 2 ]]/G7)-1,"")
A9: PRINCIPIA | B9: Janeiro | C9: 51024.92 | D9: 0.031708 | F9: Junho | H9: 353128.7 | I9: =IFERROR((Tabela214[[#This Row],[26. Resultado 2 ]]/Tabela214[[#This Row],[25. Resultado 2]]),"") -> 0 | J9: =IFERROR((Tabela214[[#This Row],[26. Resultado 2 ]]/G8)-1,"")
A10: HIDROLIGHT | B10: Janeiro | C10: 49910.54 | D10: 0.031015 | F10: Julho | H10: 1268984.1 | I10: =IFERROR((Tabela214[[#This Row],[26. Resultado 2 ]]/Tabela214[[#This Row],[25. Resultado 2]]),"") -> 0 | J10: =IFERROR((Tabela214[[#This Row],[26. Resultado 2 ]]/G9)-1,"")
A11: NUK | B11: Janeiro | C11: 45398 | D11: 0.028211 | F11: Agosto | H11: 1960268.8 | I11: =IFERROR((Tabela214[[#This Row],[26. Resultado 2 ]]/Tabela214[[#This Row],[25. Resultado 2]]),"") -> 0 | J11: =IFERROR((Tabela214[[#This Row],[26. Resultado 2 ]]/G10)-1,"") | L11: Trimestre | M11: 26. Resultado 2 | N11: 25. Resultado 2 | O11: ↑↓%
A12: MAXINUTRI | B12: Janeiro | C12: 38192.04 | D12: 0.023733 | F12: Setembro | H12: 1769818.4 | I12: =IFERROR((Tabela214[[#This Row],[26. Resultado 2 ]]/Tabela214[[#This Row],[25. Resultado 2]]),"") -> 0 | J12: =IFERROR((Tabela214[[#This Row],[26. Resultado 2 ]]/G11)-1,"") | L12: T1 | M12: =SUM(G4:G6) -> 5653656.3 | N12: 7475677.4 | O12: =IFERROR(Tabela416[[#This Row],[26. Resultado 2 ]]/Tabela416[[#This Row],[25. Resultado 2]],"") -> 0.75627345
A13: AIRELA | B13: Janeiro | C13: 30632.61 | D13: 0.019036 | F13: Outubro | H13: 2279625.6 | I13: =IFERROR((Tabela214[[#This Row],[26. Resultado 2 ]]/Tabela214[[#This Row],[25. Resultado 2]]),"") -> 0 | J13: =IFERROR((Tabela214[[#This Row],[26. Resultado 2 ]]/G12)-1,"") | L13: T2 | M13: =SUM(G7:G9) -> 0 | N13: 5336365.9 | O13: =IFERROR(Tabela416[[#This Row],[26. Resultado 2 ]]/Tabela416[[#This Row],[25. Resultado 2]],"") -> 0
A14: NATULAB | B14: Janeiro | C14: 30578.75 | D14: 0.019002 | F14: Novembro | H14: 1789056.9 | I14: =IFERROR((Tabela214[[#This Row],[26. Resultado 2 ]]/Tabela214[[#This Row],[25. Resultado 2]]),"") -> 0 | J14: =IFERROR((Tabela214[[#This Row],[26. Resultado 2 ]]/G13)-1,"") | L14: T3 | M14: =SUM(G10:G12) -> 0 | N14: 4999071.3 | O14: =IFERROR(Tabela416[[#This Row],[26. Resultado 2 ]]/Tabela416[[#This Row],[25. Resultado 2]],"") -> 0
A15: BELLIZ | B15: Janeiro | C15: 28432.79 | D15: 0.017669 | F15: Dezembro | H15: 2022024.7 | I15: =IFERROR((Tabela214[[#This Row],[26. Resultado 2 ]]/Tabela214[[#This Row],[25. Resultado 2]]),"") -> 0 | J15: =IFERROR((Tabela214[[#This Row],[26. Resultado 2 ]]/G14)-1,"") | L15: T4 | M15: =SUM(G13:G15) -> 0 | N15: 6090707.2 | O15: =IFERROR(Tabela416[[#This Row],[26. Resultado 2 ]]/Tabela416[[#This Row],[25. Resultado 2]],"") -> 0
A16: BRASTERAPICA | B16: Janeiro | C16: 26767.14 | D16: 0.016633 | M16: =SUM(M12:M15) -> 5653656.3 | N16: =SUM(N12:N15) -> 23901822 | O16: =M16/N16 -> 0.23653663
A17: NEO QUIMICA | B17: Janeiro | C17: 26524.6 | D17: 0.016483
A18: GLOBO | B18: Janeiro | C18: 26378.97 | D18: 0.016392 | F18: Ranking Anual | L18: Ranking Mensal
A19: ELOFAR | B19: Janeiro | C19: 25824.04 | D19: 0.016047
A20: LEGRAND | B20: Janeiro | C20: 25359.28 | D20: 0.015759 | L20: Pesquisa Mês: | M20: Janeiro
A21: COPAPHARMA | B21: Janeiro | C21: 18016.88 | D21: 0.011196 | F21: Laboratório | G21: 25. Fat. | H21: 24. Fat | I21: ↑↓% | L21: Empresa | M21: 25. Fat. | N21: 24. Fat | O21: ↑↓%
A22: BLAU | B22: Janeiro | C22: 17160.86 | D22: 0.010664 | F22: TEUTO | G22: 2207826.4 | H22: 2242986.3 | I22: =IFERROR(Tabela517[[#This Row],[25. Fat.]]/Tabela517[[#This Row],[24. Fat]],"") -> 0.98432448 | L22: EMS MARCAS | M22: =SUMIFS(Tabela113[Valor],Tabela113[Empresa],Tabela618[[#This Row],[Empresa]],Tabela113[Mês],$M$20) -> 238283.02 | N22: =SUMIFS(Tabela18[Valor],Tabela18[Empresa],Tabela618[[#This Row],[Empresa]],Tabela18[Mês],'25. BANCO DE DADOS'!$M$20) -> 264992.46 | O22: =IFERROR(Tabela618[[#This Row],[25. Fat.]]/Tabela618[[#This Row],[24. Fat]],"") -> 0.89920679
A23: NOVAQUIMICA | B23: Janeiro | C23: 12955.07 | D23: 0.00805 | F23: BIOSINTETICA | G23: 1610592.6 | H23: 1890453.6 | I23: =IFERROR(Tabela517[[#This Row],[25. Fat.]]/Tabela517[[#This Row],[24. Fat]],"") -> 0.85196092 | L23: TEUTO | M23: =SUMIFS(Tabela113[Valor],Tabela113[Empresa],Tabela618[[#This Row],[Empresa]],Tabela113[Mês],$M$20) -> 228386.47 | N23: =SUMIFS(Tabela18[Valor],Tabela18[Empresa],Tabela618[[#This Row],[Empresa]],Tabela18[Mês],'25. BANCO DE DADOS'!$M$20) -> 178015.29 | O23: =IFERROR(Tabela618[[#This Row],[25. Fat.]]/Tabela618[[#This Row],[24. Fat]],"") -> 1.2829599
A24: MEDQUIMICA | B24: Janeiro | C24: 10457.98 | D24: 0.006499 | F24: GEOLAB | G24: 1482113.7 | H24: 1569490.1 | I24: =IFERROR(Tabela517[[#This Row],[25. Fat.]]/Tabela517[[#This Row],[24. Fat]],"") -> 0.94432818 | L24: GEOLAB | M24: =SUMIFS(Tabela113[Valor],Tabela113[Empresa],Tabela618[[#This Row],[Empresa]],Tabela113[Mês],$M$20) -> 194132.43 | N24: =SUMIFS(Tabela18[Valor],Tabela18[Empresa],Tabela618[[#This Row],[Empresa]],Tabela18[Mês],'25. BANCO DE DADOS'!$M$20) -> 62739.65 | O24: =IFERROR(Tabela618[[#This Row],[25. Fat.]]/Tabela618[[#This Row],[24. Fat]],"") -> 3.0942543
A25: ABL | B25: Janeiro | C25: 10448.66 | D25: 0.006493 | F25: EMS MARCAS | G25: 1359487.1 | H25: 994873.55 | I25: =IFERROR(Tabela517[[#This Row],[25. Fat.]]/Tabela517[[#This Row],[24. Fat]],"") -> 1.3664923 | L25: FORTLIFE | M25: =SUMIFS(Tabela113[Valor],Tabela113[Empresa],Tabela618[[#This Row],[Empresa]],Tabela113[Mês],$M$20) -> 117865.18 | N25: =SUMIFS(Tabela18[Valor],Tabela18[Empresa],Tabela618[[#This Row],[Empresa]],Tabela18[Mês],'25. BANCO DE DADOS'!$M$20) -> 0 | O25: =IFERROR(Tabela618[[#This Row],[25. Fat.]]/Tabela618[[#This Row],[24. Fat]],"")
A26: MANTECORP FARMASA | B26: Janeiro | C26: 10427.27 | D26: 0.00648 | F26: FORTLIFE | G26: 966514.31 | H26: 961945.43 | I26: =IFERROR(Tabela517[[#This Row],[25. Fat.]]/Tabela517[[#This Row],[24. Fat]],"") -> 1.0047496 | L26: BIOSINTETICA (ACHE) | M26: =SUMIFS(Tabela113[Valor],Tabela113[Empresa],Tabela618[[#This Row],[Empresa]],Tabela113[Mês],$M$20) -> 83508.83 | N26: =SUMIFS(Tabela18[Valor],Tabela18[Empresa],Tabela618[[#This Row],[Empresa]],Tabela18[Mês],'25. BANCO DE DADOS'!$M$20) -> 33300.42 | O26: =IFERROR(Tabela618[[#This Row],[25. Fat.]]/Tabela618[[#This Row],[24. Fat]],"") -> 2.507741
A27: ZYDUS NIKKHO | B27: Janeiro | C27: 10180.22 | D27: 0.006326 | F27: PRUDENCE | G27: 945728.26 | H27: 661745.48 | I27: =IFERROR(Tabela517[[#This Row],[25. Fat.]]/Tabela517[[#This Row],[24. Fat]],"") -> 1.429142 | L27: NUTRIEX INDUSTRIA DE COSMETICOS | M27: =SUMIFS(Tabela113[Valor],Tabela113[Empresa],Tabela618[[#This Row],[Empresa]],Tabela113[Mês],$M$20) -> 78899.45 | N27: =SUMIFS(Tabela18[Valor],Tabela18[Empresa],Tabela618[[#This Row],[Empresa]],Tabela18[Mês],'25. BANCO DE DADOS'!$M$20) -> 15386.97 | O27: =IFERROR(Tabela618[[#This Row],[25. Fat.]]/Tabela618[[#This Row],[24. Fat]],"") -> 5.1276795
A28: EMS GENERICO | B28: Janeiro | C28: 8661.07 | D28: 0.005382 | F28: HIDROLIGHT | G28: 927288.18 | H28: 542161.1 | I28: =IFERROR(Tabela517[[#This Row],[25. Fat.]]/Tabela517[[#This Row],[24. Fat]],"") -> 1.7103554 | L28: PRUDENCE | M28: =SUMIFS(Tabela113[Valor],Tabela113[Empresa],Tabela618[[#This Row],[Empresa]],Tabela113[Mês],$M$20) -> 68680.41 | N28: =SUMIFS(Tabela18[Valor],Tabela18[Empresa],Tabela618[[#This Row],[Empresa]],Tabela18[Mês],'25. BANCO DE DADOS'!$M$20) -> 0 | O28: =IFERROR(Tabela618[[#This Row],[25. Fat.]]/Tabela618[[#This Row],[24. Fat]],"")
A29: POLIBRINQ | B29: Janeiro | C29: 7848.39 | D29: 0.004877 | F29: PRINCIPIA | G29: 433688.25 | H29: 513811.94 | I29: =IFERROR(Tabela517[[#This Row],[25. Fat.]]/Tabela517[[#This Row],[24. Fat]],"") -> 0.84406028 | L29: PRINCIPIA | M29: =SUMIFS(Tabela113[Valor],Tabela113[Empresa],Tabela618[[#This Row],[Empresa]],Tabela113[Mês],$M$20) -> 51024.92 | N29: 90850.6 | O29: =IFERROR(Tabela618[[#This Row],[25. Fat.]]/Tabela618[[#This Row],[24. Fat]],"") -> 0.56163548
A30: MEDLEVENSOHN | B30: Janeiro | C30: 7165.02 | D30: 0.004452 | F30: NATULAB | G30: 394497.77 | H30: 490458.54 | I30: =IFERROR(Tabela517[[#This Row],[25. Fat.]]/Tabela517[[#This Row],[24. Fat]],"") -> 0.80434479 | L30: HIDROLIGHT | M30: =SUMIFS(Tabela113[Valor],Tabela113[Empresa],Tabela618[[#This Row],[Empresa]],Tabela113[Mês],$M$20) -> 49910.54 | N30: =SUMIFS(Tabela18[Valor],Tabela18[Empresa],Tabela618[[#This Row],[Empresa]],Tabela18[Mês],'25. BANCO DE DADOS'!$M$20) -> 105525.19 | O30: =IFERROR(Tabela618[[#This Row],[25. Fat.]]/Tabela618[[#This Row],[24. Fat]],"") -> 0.47297276
A31: DOVALLE | B31: Janeiro | C31: 7008.02 | D31: 0.004355 | F31: MAXINUTRI | G31: 387173.28 | H31: 409504.38 | I31: =IFERROR(Tabela517[[#This Row],[25. Fat.]]/Tabela517[[#This Row],[24. Fat]],"") -> 0.94546798 | L31: NUK | M31: =SUMIFS(Tabela113[Valor],Tabela113[Empresa],Tabela618[[#This Row],[Empresa]],Tabela113[Mês],$M$20) -> 45398 | N31: =SUMIFS(Tabela18[Valor],Tabela18[Empresa],Tabela618[[#This Row],[Empresa]],Tabela18[Mês],'25. BANCO DE DADOS'!$M$20) -> 78203.14 | O31: =IFERROR(Tabela618[[#This Row],[25. Fat.]]/Tabela618[[#This Row],[24. Fat]],"") -> 0.58051377
A32: EUROFARMA | B32: Janeiro | C32: 5117.73 | D32: 0.00318 | F32: NUK | G32: 367568.47 | H32: 402078.19 | I32: =IFERROR(Tabela517[[#This Row],[25. Fat.]]/Tabela517[[#This Row],[24. Fat]],"") -> 0.91417162 | L32: MAXINUTRI | M32: =SUMIFS(Tabela113[Valor],Tabela113[Empresa],Tabela618[[#This Row],[Empresa]],Tabela113[Mês],$M$20) -> 38192.04 | N32: =SUMIFS(Tabela18[Valor],Tabela18[Empresa],Tabela618[[#This Row],[Empresa]],Tabela18[Mês],'25. BANCO DE DADOS'!$M$20) -> 11472.63 | O32: =IFERROR(Tabela618[[#This Row],[25. Fat.]]/Tabela618[[#This Row],[24. Fat]],"") -> 3.3289699
A33: AS ERVAS CURAM | B33: Janeiro | C33: 4852.97 | D33: 0.003016 | F33: NEO QUIMICA | G33: 345664.83 | H33: 362256.1 | I33: =IFERROR(Tabela517[[#This Row],[25. Fat.]]/Tabela517[[#This Row],[24. Fat]],"") -> 0.95420016 | L33: AIRELA | M33: =SUMIFS(Tabela113[Valor],Tabela113[Empresa],Tabela618[[#This Row],[Empresa]],Tabela113[Mês],$M$20) -> 30632.61 | N33: =SUMIFS(Tabela18[Valor],Tabela18[Empresa],Tabela618[[#This Row],[Empresa]],Tabela18[Mês],'25. BANCO DE DADOS'!$M$20) -> 13120.38 | O33: =IFERROR(Tabela618[[#This Row],[25. Fat.]]/Tabela618[[#This Row],[24. Fat]],"") -> 2.334735
A34: MEDLEY | B34: Janeiro | C34: 4750.75 | D34: 0.002952 | F34: BLAU | G34: 333908.6 | H34: 355143.66 | I34: =IFERROR(Tabela517[[#This Row],[25. Fat.]]/Tabela517[[#This Row],[24. Fat]],"") -> 0.94020713 | L34: NATULAB | M34: =SUMIFS(Tabela113[Valor],Tabela113[Empresa],Tabela618[[#This Row],[Empresa]],Tabela113[Mês],$M$20) -> 30578.75 | N34: =SUMIFS(Tabela18[Valor],Tabela18[Empresa],Tabela618[[#This Row],[Empresa]],Tabela18[Mês],'25. BANCO DE DADOS'!$M$20) -> 37124.16 | O34: =IFERROR(Tabela618[[#This Row],[25. Fat.]]/Tabela618[[#This Row],[24. Fat]],"") -> 0.82368867
A35: BELFAR | B35: Janeiro | C35: 4481.38 | D35: 0.002785 | F35: GLOBO | G35: 320079.12 | H35: 343913.59 | I35: =IFERROR(Tabela517[[#This Row],[25. Fat.]]/Tabela517[[#This Row],[24. Fat]],"") -> 0.93069634 | L35: BELLIZ | M35: =SUMIFS(Tabela113[Valor],Tabela113[Empresa],Tabela618[[#This Row],[Empresa]],Tabela113[Mês],$M$20) -> 28432.79 | N35: =SUMIFS(Tabela18[Valor],Tabela18[Empresa],Tabela618[[#This Row],[Empresa]],Tabela18[Mês],'25. BANCO DE DADOS'!$M$20) -> 0 | O35: =IFERROR(Tabela618[[#This Row],[25. Fat.]]/Tabela618[[#This Row],[24. Fat]],"")
A36: IRIDIUM LABS | B36: Janeiro | C36: 4352.61 | D36: 0.002705 | F36: NUTRIEX INDUSTRIA DE COSMETICOS | G36: 318617.12 | H36: 227756.18 | I36: =IFERROR(Tabela517[[#This Row],[25. Fat.]]/Tabela517[[#This Row],[24. Fat]],"") -> 1.3989395 | L36: BRASTERAPICA | M36: =SUMIFS(Tabela113[Valor],Tabela113[Empresa],Tabela618[[#This Row],[Empresa]],Tabela113[Mês],$M$20) -> 26767.14 | N36: =SUMIFS(Tabela18[Valor],Tabela18[Empresa],Tabela618[[#This Row],[Empresa]],Tabela18[Mês],'25. BANCO DE DADOS'!$M$20) -> 5546.26 | O36: =IFERROR(Tabela618[[#This Row],[25. Fat.]]/Tabela618[[#This Row],[24. Fat]],"") -> 4.8261603
A37: FQM | B37: Janeiro | C37: 4215.44 | D37: 0.00262 | F37: AIRELA | G37: 305166.81 | H37: 190948.18 | I37: =IFERROR(Tabela517[[#This Row],[25. Fat.]]/Tabela517[[#This Row],[24. Fat]],"") -> 1.5981656 | L37: NEO QUIMICA | M37: =SUMIFS(Tabela113[Valor],Tabela113[Empresa],Tabela618[[#This Row],[Empresa]],Tabela113[Mês],$M$20) -> 26524.6 | N37: =SUMIFS(Tabela18[Valor],Tabela18[Empresa],Tabela618[[#This Row],[Empresa]],Tabela18[Mês],'25. BANCO DE DADOS'!$M$20) -> 13213.33 | O37: =IFERROR(Tabela618[[#This Row],[25. Fat.]]/Tabela618[[#This Row],[24. Fat]],"") -> 2.0074122
A38: ROSA SELVAGEM | B38: Janeiro | C38: 3845.04 | D38: 0.002389 | F38: BELLIZ | G38: 304795.14 | H38: 163739.17 | I38: =IFERROR(Tabela517[[#This Row],[25. Fat.]]/Tabela517[[#This Row],[24. Fat]],"") -> 1.8614675 | L38: GLOBO | M38: =SUMIFS(Tabela113[Valor],Tabela113[Empresa],Tabela618[[#This Row],[Empresa]],Tabela113[Mês],$M$20) -> 26378.97 | N38: =SUMIFS(Tabela18[Valor],Tabela18[Empresa],Tabela618[[#This Row],[Empresa]],Tabela18[Mês],'25. BANCO DE DADOS'!$M$20) -> 8099 | O38: =IFERROR(Tabela618[[#This Row],[25. Fat.]]/Tabela618[[#This Row],[24. Fat]],"") -> 3.2570651
A39: NATIVITA | B39: Janeiro | C39: 3232.97 | D39: 0.002009 | F39: BRASTERAPICA | G39: 295326.36 | H39: 97668.37 | I39: =IFERROR(Tabela517[[#This Row],[25. Fat.]]/Tabela517[[#This Row],[24. Fat]],"") -> 3.0237667 | L39: ELOFAR | M39: =SUMIFS(Tabela113[Valor],Tabela113[Empresa],Tabela618[[#This Row],[Empresa]],Tabela113[Mês],$M$20) -> 25824.04 | N39: =SUMIFS(Tabela18[Valor],Tabela18[Empresa],Tabela618[[#This Row],[Empresa]],Tabela18[Mês],'25. BANCO DE DADOS'!$M$20) -> 44556.61 | O39: =IFERROR(Tabela618[[#This Row],[25. Fat.]]/Tabela618[[#This Row],[24. Fat]],"") -> 0.5795782
A40: UNIPHAR | B40: Janeiro | C40: 2993.08 | D40: 0.00186 | F40: ELOFAR | G40: 213676.22 | H40: 92178.42 | I40: =IFERROR(Tabela517[[#This Row],[25. Fat.]]/Tabela517[[#This Row],[24. Fat]],"") -> 2.3180721 | L40: LEGRAND | M40: =SUMIFS(Tabela113[Valor],Tabela113[Empresa],Tabela618[[#This Row],[Empresa]],Tabela113[Mês],$M$20) -> 25359.28 | N40: =SUMIFS(Tabela18[Valor],Tabela18[Empresa],Tabela618[[#This Row],[Empresa]],Tabela18[Mês],'25. BANCO DE DADOS'!$M$20) -> 5949.22 | O40: =IFERROR(Tabela618[[#This Row],[25. Fat.]]/Tabela618[[#This Row],[24. Fat]],"") -> 4.2626227
A41: CREMER | B41: Janeiro | C41: 2856.44 | D41: 0.001775 | F41: MY HEALTH | G41: 164429.09 | H41: 90850.6 | I41: =IFERROR(Tabela517[[#This Row],[25. Fat.]]/Tabela517[[#This Row],[24. Fat]],"") -> 1.8098845 | L41: COPAPHARMA | M41: =SUMIFS(Tabela113[Valor],Tabela113[Empresa],Tabela618[[#This Row],[Empresa]],Tabela113[Mês],$M$20) -> 18016.88 | N41: =SUMIFS(Tabela18[Valor],Tabela18[Empresa],Tabela618[[#This Row],[Empresa]],Tabela18[Mês],'25. BANCO DE DADOS'!$M$20) -> 0 | O41: =IFERROR(Tabela618[[#This Row],[25. Fat.]]/Tabela618[[#This Row],[24. Fat]],"")
... A118: ABL | B118: Fevereiro | C118: 7262.08 | D118: 0.005244 | F118: BD PLASTIPAK | G118: 533.86 | H118: 5.73 | I118: =IFERROR(Tabela517[[#This Row],[25. Fat.]]/Tabela517[[#This Row],[24. Fat]],"") -> 93.169284 | L118: CALYPSO | M118: =SUMIFS(Tabela113[Valor],Tabela113[Empresa],Tabela618[[#This Row],[Empresa]],Tabela113[Mês],$M$20) -> 0 | N118: =SUMIFS(Tabela18[Valor],Tabela18[Empresa],Tabela618[[#This Row],[Empresa]],Tabela18[Mês],'25. BANCO DE DADOS'!$M$20) -> 0 | O118: =IFERROR(Tabela618[[#This Row],[25. Fat.]]/Tabela618[[#This Row],[24. Fat]],"")
A119: MC2 | B119: Fevereiro | C119: 5805.03 | D119: 0.004192 | F119: RECKITT BENCKISER | G119: 417.29 | I119: =IFERROR(Tabela517[[#This Row],[25. Fat.]]/Tabela517[[#This Row],[24. Fat]],"") | L119: DELTA | M119: =SUMIFS(Tabela113[Valor],Tabela113[Empresa],Tabela618[[#This Row],[Empresa]],Tabela113[Mês],$M$20) -> 0 | N119: =SUMIFS(Tabela18[Valor],Tabela18[Empresa],Tabela618[[#This Row],[Empresa]],Tabela18[Mês],'25. BANCO DE DADOS'!$M$20) -> 0 | O119: =IFERROR(Tabela618[[#This Row],[25. Fat.]]/Tabela618[[#This Row],[24. Fat]],"")
A120: EUROFARMA | B120: Fevereiro | C120: 5447.45 | D120: 0.003934 | F120: NATURELIFE | G120: 364.98 | I120: =IFERROR(Tabela517[[#This Row],[25. Fat.]]/Tabela517[[#This Row],[24. Fat]],"") | L120: VOGHA HIGIENE E BEL. | M120: =SUMIFS(Tabela113[Valor],Tabela113[Empresa],Tabela618[[#This Row],[Empresa]],Tabela113[Mês],$M$20) -> 0 | N120: =SUMIFS(Tabela18[Valor],Tabela18[Empresa],Tabela618[[#This Row],[Empresa]],Tabela18[Mês],'25. BANCO DE DADOS'!$M$20) -> 0 | O120: =IFERROR(Tabela618[[#This Row],[25. Fat.]]/Tabela618[[#This Row],[24. Fat]],"")
A121: BELFAR | B121: Fevereiro | C121: 4948.54 | D121: 0.003573 | F121: MELHORMED | G121: 357.92 | I121: =IFERROR(Tabela517[[#This Row],[25. Fat.]]/Tabela517[[#This Row],[24. Fat]],"") | L121: CIRURGICA FERNANDES | M121: =SUMIFS(Tabela113[Valor],Tabela113[Empresa],Tabela618[[#This Row],[Empresa]],Tabela113[Mês],$M$20) -> 0 | N121: =SUMIFS(Tabela18[Valor],Tabela18[Empresa],Tabela618[[#This Row],[Empresa]],Tabela18[Mês],'25. BANCO DE DADOS'!$M$20) -> 0 | O121: =IFERROR(Tabela618[[#This Row],[25. Fat.]]/Tabela618[[#This Row],[24. Fat]],"")
A122: AS ERVAS CURAM | B122: Fevereiro | C122: 4522.05 | D122: 0.003265 | F122: HYPERMARCAS BOZZANO | G122: 268.88 | I122: =IFERROR(Tabela517[[#This Row],[25. Fat.]]/Tabela517[[#This Row],[24. Fat]],"") | L122: ULTRACOTTON | M122: =SUMIFS(Tabela113[Valor],Tabela113[Empresa],Tabela618[[#This Row],[Empresa]],Tabela113[Mês],$M$20) -> 0 | N122: =SUMIFS(Tabela18[Valor],Tabela18[Empresa],Tabela618[[#This Row],[Empresa]],Tabela18[Mês],'25. BANCO DE DADOS'!$M$20) -> 0 | O122: =IFERROR(Tabela618[[#This Row],[25. Fat.]]/Tabela618[[#This Row],[24. Fat]],"")
A123: MULTILASER INDUSTRIAL S.A. | B123: Fevereiro | C123: 4288.14 | D123: 0.003097 | F123: BARUEL | G123: 250.73 | I123: =IFERROR(Tabela517[[#This Row],[25. Fat.]]/Tabela517[[#This Row],[24. Fat]],"")
A124: ZYDUS NIKKHO | B124: Fevereiro | C124: 4138.95 | D124: 0.002989 | F124: MISSNER | G124: 226.41 | I124: =IFERROR(Tabela517[[#This Row],[25. Fat.]]/Tabela517[[#This Row],[24. Fat]],"")
A125: MEDLEY | B125: Fevereiro | C125: 4129.68 | D125: 0.002982 | F125: MILI S/A | G125: 159.3 | I125: =IFERROR(Tabela517[[#This Row],[25. Fat.]]/Tabela517[[#This Row],[24. Fat]],"")
A126: UNIPHAR | B126: Fevereiro | C126: 2823.9 | D126: 0.002039 | F126: MEDIX BRASIL | G126: 136.3 | I126: =IFERROR(Tabela517[[#This Row],[25. Fat.]]/Tabela517[[#This Row],[24. Fat]],"")
A127: DOVALLE | B127: Fevereiro | C127: 2822.28 | D127: 0.002038 | F127: SUPER SHAVE | G127: 72.44 | I127: =IFERROR(Tabela517[[#This Row],[25. Fat.]]/Tabela517[[#This Row],[24. Fat]],"")
A128: ARTE NATIVA | B128: Fevereiro | C128: 2704.22 | D128: 0.001953 | F128: VOGHA HIGIENE E BEL. | G128: 55.32 | I128: =IFERROR(Tabela517[[#This Row],[25. Fat.]]/Tabela517[[#This Row],[24. Fat]],"")
A129: OAZ | B129: Fevereiro | C129: 2545.71 | D129: 0.001838 | F129: HYPERMARCAS MONANGE | G129: 37.61 | I129: =IFERROR(Tabela517[[#This Row],[25. Fat.]]/Tabela517[[#This Row],[24. Fat]],"")
A130: IRIDIUM LABS | B130: Fevereiro | C130: 2527.23 | D130: 0.001825 | F130: CALYPSO | G130: 29.26 | I130: =IFERROR(Tabela517[[#This Row],[25. Fat.]]/Tabela517[[#This Row],[24. Fat]],"")
A131: CREMER | B131: Fevereiro | C131: 2473.71 | D131: 0.001786 | F131: LASER | G131: 29.24 | I131: =IFERROR(Tabela517[[#This Row],[25. Fat.]]/Tabela517[[#This Row],[24. Fat]],"")
A132: SUPLANATURAL | B132: Fevereiro | C132: 2420.22 | D132: 0.001748 | F132: CIRURGICA FERNANDES | G132: 16.87 | I132: =IFERROR(Tabela517[[#This Row],[25. Fat.]]/Tabela517[[#This Row],[24. Fat]],"")
A133: BIOLAND | B133: Fevereiro | C133: 2286.84 | D133: 0.001651 | F133: OTC - BIOWORLD | G133: 8.99 | I133: =IFERROR(Tabela517[[#This Row],[25. Fat.]]/Tabela517[[#This Row],[24. Fat]],"")
A134: MCG -CONLIFE | B134: Fevereiro | C134: 1934.67 | D134: 0.001397
A135: GREENPHARMA | B135: Fevereiro | C135: 1840.74 | D135: 0.001329
A136: POLIBRINQ | B136: Fevereiro | C136: 1724.93 | D136: 0.001246
A137: SANITY | B137: Fevereiro | C137: 1691.6 | D137: 0.001222
A138: VITAMEDIC | B138: Fevereiro | C138: 1526.5 | D138: 0.001102
A139: FQM | B139: Fevereiro | C139: 1482.92 | D139: 0.001071
A140: FARMAX | B140: Fevereiro | C140: 1370.13 | D140: 0.000989
A141: UNIAO QUIMICA | B141: Fevereiro | C141: 1169.55 | D141: 0.000845
A142: PHARLAB | B142: Fevereiro | C142: 1010.29 | D142: 0.00073
A143: NATIVITA | B143: Fevereiro | C143: 966.08 | D143: 0.000698
A144: TALGE | B144: Fevereiro | C144: 880.48 | D144: 0.000636
A145: DKT INTERNACIONAL | B145: Fevereiro | C145: 876.33 | D145: 0.000633
... A936: NATIVITA | B936: Novembro | C936: 18.2 | D936: 1.6e-05
A937: BIOSINTETICA | B937: Dezembro | D937: 22.7567
A938: TEUTO | B938: Dezembro | C938: 205652.92 | D938: 0.159783
A939: GEOLAB | B939: Dezembro | C939: 119007.69 | D939: 0.092464
A940: PRUDENCE | B940: Dezembro | C940: 114273.77 | D940: 0.088786
A941: HIDROLIGHT | B941: Dezembro | C941: 75429.11 | D941: 0.058605
A942: NEO QUIMICA | B942: Dezembro | C942: 54123.6 | D942: 0.042052
A943: PRINCIPIA | B943: Dezembro | C943: 51166.94 | D943: 0.039754
A944: EMS MARCAS | B944: Dezembro | C944: 50843.48 | D944: 0.039503
A945: EUROFARMA OTC | B945: Dezembro | C945: 31443.78 | D945: 0.02443
A946: FORTLIFE | B946: Dezembro | C946: 23820.93 | D946: 0.018508
A947: MAXINUTRI | B947: Dezembro | C947: 21683.02 | D947: 0.016847
A948: NUK | B948: Dezembro | C948: 21530.53 | D948: 0.016728
A949: BELLIZ | B949: Dezembro | C949: 19297.25 | D949: 0.014993
... A1023: CALYPSO | B1023: Dezembro | C1023: 4.98 | D1023: 4e-06

Sheet MÊS ATUAL vs MÊS ANTERIOR
A1: Ranking Mensal
A3: Pesquisa Mês:
A4: Laboratótios | B4: MAIO | C4: Laboratótios 2 | D4: ABRIL
A5: BIOSINTETICA (ACHE) | B5: 232744.75 | C5: BIOSINTETICA (ACHE) | D5: 221129.68
A6: GEOLAB | B6: 220603.49 | C6: TEUTO | D6: 211834.38
A7: TEUTO | B7: 209831.35 | C7: EMS MARCAS | D7: 157013.47
A8: EMS MARCAS | B8: 184682.27 | C8: GEOLAB | D8: 153197.1
A9: PRUDENCE | B9: 178689.55 | C9: FORTLIFE | D9: 118446.92
A10: GLOBO | B10: 124362.27 | C10: HIDROLIGHT | D10: 96389.2
A11: FORTLIFE | B11: 119077.16 | C11: NATULAB | D11: 72694.87
A12: HIDROLIGHT | B12: 86358.43 | C12: PRUDENCE | D12: 58579.4
A13: NEO QUIMICA | B13: 74945.05 | C13: BRASTERAPICA | D13: 56829.31
A14: MAXINUTRI | B14: 55813.3 | C14: MAXINUTRI | D14: 49734.37
A15: NATULAB | B15: 52743.23 | C15: NUK | D15: 44156.62
A16: MY HEALTH | B16: 45041.21 | C16: NEO QUIMICA | D16: 43178.79
... A94: BD PLASTIPAK | B94: 6.4 | C94: CALYPSO | D94: 8.88
C95: MILI S/A | D95: 4.38
C96: BD PLASTIPAK | D96: 3.36
